{"current":{"heading_color":"#101820","text_color":"#101820","text_light_color":"#b1ab95","link_color":"#101820","background":"#ffffff","light_background":"#f1efe2","product_on_sale_color":"#252a36","button_background":"#252a36","button_text_color":"#ffffff","header_background":"#ffffff","header_heading_color":"#252a36","header_light_color":"#d6d2c4","footer_background":"#ffffff","footer_heading_color":"#252a36","footer_text_color":"#252a36","navigation_background":"#252a36","navigation_text_color":"#ffffff","newsletter_popup_background":"#252a36","newsletter_popup_text_color":"#ffffff","secondary_elements_background":"#252a36","secondary_elements_text_color":"#ffffff","heading_font":"serif","heading_size":"large","uppercase_heading":true,"text_font":"sans-serif","base_text_font_size":15,"currency_conversion_enabled":false,"currency_conversion_round_amounts":true,"currency_conversion_supported_currencies":"USD CAD EUR GBP","currency_conversion_money_format":"money_format","show_page_transition":true,"show_button_transition":true,"show_image_zooming":true,"show_element_staggering":true,"search_mode":"product,article","product_show_price_on_hover":false,"product_show_secondary_image":true,"product_info_alignment":"center","product_image_size":"natural","product_list_horizontal_spacing":"medium","product_list_vertical_spacing":"small","color-red":"#6a0016","color-black":"#000000","color-name-forest":"Forest","color-forest":"#052f01","color-name-text11":"Frosted","color_11":"#f4f3eb","color-name-text12":"Clear","color_12":"#ffffff","color-name-text13":"Aqua","color_13":"#0fc7c7","color-name-text14":"Orange","color_14":"#fc6c1e","color-name-text15":"Vintage Green","color_15":"#536341","color-name-text16":"Whiskey","color_16":"#f2e1aa","color-name-text17":"Violet","color_17":"#6d2aab","color-name-text18":"Lilac","color_18":"#a77ecc","color-name-text19":"Cobalt","color_19":"#0b1991","color-name-text20":"Dark Amber","color_20":"#6c320a","color-name-text21":"Fuchsia","color_21":"#cc0ac9","color-name-text22":"Lime","color_22":"#2fcc39","color-name-text23":"Charcoal","color_23":"#807a89","color-name-text24":"Marble","color_24":"#c1bec6","color-name-text25":"Pink","color_25":"#deb4d4","color-name-text26":"Terracotta","color_26":"#d16e6e","color-name-text27":"White","color_27":"#f1efe2","cart_type":"drawer","cart_enable_notes":true,"cart_show_free_shipping_threshold":false,"cart_free_shipping_threshold":"100","share_image":"","social_facebook":"facebook.com\/bluecornbeeswax","social_twitter":"twitter.com\/bluecornbeeswax","social_pinterest":"pinterest.com\/bluecornbeeswax","social_instagram":"instagram.com\/bluecornbeeswax","social_vimeo":"","social_tumblr":"","social_youtube":"","social_linkedin":"","social_snapchat":"","social_fancy":"","favicon":"shopify:\/\/shop_images\/Bluecorn_Logo_Final_Icon_Black.png","checkout_header_image":"","checkout_logo_image":"","checkout_logo_position":"center","checkout_logo_size":"large","checkout_body_background_image":"","checkout_body_background_color":"#ffffff","checkout_input_background_color_mode":"white","checkout_sidebar_background_image":"","checkout_sidebar_background_color":"#efefef","checkout_heading_font":"-apple-system, BlinkMacSystemFont, 'Segoe UI', Roboto, Helvetica, Arial, sans-serif, 'Apple Color Emoji', 'Segoe UI Emoji', 'Segoe UI Symbol'","checkout_body_font":"-apple-system, BlinkMacSystemFont, 'Segoe UI', Roboto, Helvetica, Arial, sans-serif, 'Apple Color Emoji', 'Segoe UI Emoji', 'Segoe UI Symbol'","checkout_accent_color":"#252a36","checkout_button_color":"#252a36","checkout_error_color":"#e32c2b","sections":{"sidebar-menu":{"type":"sidebar-menu","settings":{"primary_menu":"main-menu","secondary_menu":"","show_social_media":true}},"announcement":{"type":"announcement","settings":{"enable_bar":true,"home_page_only":false,"background":"#252a36","text_color":"#ffffff","content":"Free Ground Shipping over $100 & 10% Off over $300","link":"shopify:\/\/collections\/beeswax-candles"}},"header":{"type":"header","blocks":{"1580937274165":{"type":"mega_menu","settings":{"navigation_mega_menu":"Candles","push_1_image":"shopify:\/\/shop_images\/tt_for_real.jpg","push_1_heading":"Hand-Dipped Beeswax Tapers","push_1_subheading":"10 Colors & 4 lengths","push_1_url":"shopify:\/\/products\/beeswax-taper-candles","push_2_image":"shopify:\/\/shop_images\/BluecornBeeswax-070.jpg","push_2_heading":"Recycled Glass Candle Holders","push_2_subheading":"sublime indoors or out","push_2_url":"shopify:\/\/collections\/recycled-glass-candle-holders"}}},"block_order":["1580937274165"],"settings":{"use_sticky_header":true,"logo":"shopify:\/\/shop_images\/Bluecorn_Logo_Final_Beeswax_Black.png","logo_max_width":250,"mobile_logo_max_width":125,"navigation_menu":"prestige-header-menu","navigation_style":"sidebar","show_icons":true,"enable_transparent_header":false,"enable_transparent_header_collection":false,"show_transparent_header_border":true,"transparent_text_color":"#ffffff"}},"footer":{"type":"footer","blocks":{"footer-2":{"type":"newsletter","disabled":true,"settings":{"title":"SIGN UP FOR OUR SALES LETTER","content":""}},"1586796077229":{"type":"links","settings":{"menu":"shop"}},"1586795822708":{"type":"links","settings":{"menu":"resources-1"}},"footer-1":{"type":"links","settings":{"menu":"footer"}},"1586453608855":{"type":"text","settings":{"title":"connect with us!","content":"<p><strong>888-350-4929<\/strong><br\/>SALES@BEESWAXCANDLES.COM<br\/>1842 South Townsend Ave<br\/>Montrose, Colorado 81401<\/p>","show_social_media":true}}},"block_order":["footer-2","1586796077229","1586795822708","footer-1","1586453608855"],"settings":{"show_payment_methods":true}},"slideshow":{"type":"slideshow","blocks":{"6858b1b0-2aef-4396-8e16-3d7616ea9a45":{"type":"image","disabled":true,"settings":{"image":"shopify:\/\/shop_images\/Mothers_Day.jpg","mobile_image":"shopify:\/\/shop_images\/Mothers_Day.jpg","apply_overlay":false,"content_position":"bottomLeft","subheading":"","title":"Mother's Day Gifts","button_1_text":"Shop The Collection","button_1_link":"shopify:\/\/collections\/mothers-day","button_2_text":"","button_2_link":""}},"slide-0":{"type":"image","settings":{"image":"shopify:\/\/shop_images\/B_W_Sneffels.PS.jpg","mobile_image":"shopify:\/\/shop_images\/Mount-Sneffels-Afternoon-Glory.jpg","apply_overlay":true,"content_position":"bottomLeft","subheading":"","title":"31 years of Handcrafted Light from Colorado","button_1_text":"Our Story","button_1_link":"shopify:\/\/pages\/the-bluecorn-story","button_2_text":"Shop Candles","button_2_link":"shopify:\/\/collections\/beeswax-candles"}},"5bf3891f-ab66-4a16-a996-a3ee7443033e":{"type":"image","disabled":true,"settings":{"image":"shopify:\/\/shop_images\/2_inch_pillar_in_front_of_metal_wide.jpg","apply_overlay":true,"content_position":"bottomLeft","subheading":"Pure Beeswax Pillars","title":"The Hearth Candle","button_1_text":"Shop Pillars","button_1_link":"shopify:\/\/products\/100-pure-beeswax-pillars","button_2_text":"","button_2_link":""}},"slide-1":{"type":"image","settings":{"image":"shopify:\/\/shop_images\/Bee_Honeycomb_Image.jpg","apply_overlay":true,"content_position":"bottomLeft","subheading":"","title":"Pure, Simple Materials","button_1_text":"Learn More","button_1_link":"shopify:\/\/pages\/our-materials","button_2_text":"Shop Candles","button_2_link":"shopify:\/\/collections\/candles"}},"1580931931745":{"type":"image","settings":{"image":"shopify:\/\/shop_images\/Screen_Shot_2022-01-17_at_3.54.14_PM.png","mobile_image":"shopify:\/\/shop_images\/cupped_hands_pillar.jpg","apply_overlay":true,"content_position":"bottomLeft","subheading":"","title":"Factory 2nds & clearance","button_1_text":"Shop Deals","button_1_link":"shopify:\/\/collections\/clearance","button_2_text":"","button_2_link":""}}},"block_order":["6858b1b0-2aef-4396-8e16-3d7616ea9a45","slide-0","5bf3891f-ab66-4a16-a996-a3ee7443033e","slide-1","1580931931745"],"settings":{"show_fullscreen":true,"show_arrow":true,"autoplay":true,"cycle_speed":7,"text_color":"#ffffff","button_color":"#252a36","button_background":"#ffffff"}},"featured-collections":{"type":"featured-collections","blocks":{"featured-collection-0":{"type":"collection","settings":{"collection":"best-sellers","title":"","grid_items_count":8,"button_text":"View all best sellers"}}},"block_order":["featured-collection-0"],"settings":{"title":"","layout_mode":"carousel","show_product_info":true,"show_vendor":false,"show_color_swatch":false,"grid_mobile_items_per_row":"2","grid_desktop_items_per_row":4}},"collection-list":{"type":"collection-list","blocks":{"collection-2":{"type":"collection","settings":{"collection":"glassware","image_alignment":"center center","content_position":"bottomLeft","subheading":"raw & aromatherapy","title":"Beeswax Glassware","button_text":"Shop","button_link":"shopify:\/\/collections\/glassware","apply_overlay":true}},"collection-1":{"type":"collection","settings":{"collection":"tapers","image_alignment":"center center","content_position":"bottomLeft","subheading":"Exquisite, Hand-Dipped","title":"Beeswax Tapers","button_text":"Shop","button_link":"shopify:\/\/products\/beeswax-taper-candles","apply_overlay":true}},"collection-0":{"type":"collection","settings":{"collection":"beeswax-pillars","image":"shopify:\/\/shop_images\/Bluecorn_RawPillars_1.JPG","image_alignment":"center center","content_position":"bottomLeft","subheading":"Raw & Aromatherapy","title":"Beeswax Pillars","button_text":"Shop","button_link":"shopify:\/\/collections\/beeswax-pillars","apply_overlay":true}},"1586452130311":{"type":"collection","settings":{"collection":"tea-lights","image_alignment":"center center","content_position":"bottomLeft","subheading":"Long-burning","title":"Beeswax Tea Lights","button_text":"Shop","button_link":"shopify:\/\/products\/pure-beeswax-tea-lights","apply_overlay":true}},"1586451972195":{"type":"collection","settings":{"collection":"holders","image":"shopify:\/\/shop_images\/BluecornBeeswax-070_bc58a1e1-ba32-4e66-a737-d237695d9cb4.jpg","image_alignment":"center center","content_position":"bottomLeft","subheading":"Recycled Glass, Forged Steel & More","title":"Candle Holders","button_text":"shop","button_link":"shopify:\/\/collections\/holders","apply_overlay":true}},"1586452127153":{"type":"collection","settings":{"collection":"beeswax-votives","image_alignment":"center center","content_position":"bottomLeft","subheading":"Raw & Aromatherapy","title":"Beeswax Votives","button_text":"Shop","button_link":"shopify:\/\/collections\/beeswax-votives","apply_overlay":true}}},"block_order":["collection-2","collection-1","collection-0","1586452130311","1586451972195","1586452127153"],"settings":{"image_size":"small","add_spacing":true,"expand_collection":false,"stack_on_mobile":true,"text_color":"#ffffff","button_color":"#252a36"}},"featured-product":{"type":"featured-product","disabled":true,"settings":{"subheading":"what we're burning at the workshop....","title":"Product of the Month","show_headings_on_mobile":true,"product":"100-recycled-spanish-glass-aromatherapy-beeswax-candle","show_vendor":true,"show_sku":false,"show_description":true,"description_below_add_to_cart":false,"selector_mode":"dropdown","show_color_swatch":false,"show_color_carousel":false,"show_quantity_selector":true,"show_inventory_quantity":false,"inventory_quantity_threshold":3,"show_price_in_button":false,"show_payment_button":true}},"timeline":{"type":"timeline","disabled":true,"blocks":{"item-0":{"type":"item","settings":{"image":"shopify:\/\/shop_images\/pexels-photo-872597.jpg","apply_overlay":true,"title":"1991","subheading":"Telluride, Colorado","heading":"Bluecorn Founded","content":"<p>Ski bum Jon Kornbluh gets so good at dipping beeswax tapers to light his off-grid cabin, he starts selling them to friends, family and beyond.<\/p>"}},"item-1":{"type":"item","settings":{"image":"shopify:\/\/shop_images\/Bluecorn_Old_Sign.jpg","apply_overlay":true,"title":"1996","subheading":"beeswaxcandles.com","heading":"pioneering online sales","content":"<p>Bluecorn becomes an early innovator in direct-to-consumer online sales, launching www.beeswaxcandles.com and allowing the company to grow from a mom-and-pop to a 4-person crew of craftspeople!<\/p>"}},"item-2":{"type":"item","settings":{"image":"shopify:\/\/shop_images\/IMG_0082.JPG","apply_overlay":true,"title":"2006","subheading":"Ridgway, CO","heading":"Movin' On Up!","content":"<p>Bluecorn moves down valley to the town of Ridgway, Colorado (pop. 900) where our larger workshop gives us room to spread our wings. We start selling on Amazon, ramp up our retail sales and grow our core staff. <\/p>"}},"1581116037716":{"type":"item","settings":{"image":"shopify:\/\/shop_images\/bee-3216973_1920.jpg","apply_overlay":true,"title":"2020","subheading":"Glow On","heading":"Today & Tomorrow","content":"<p>Over time we&#x27;ve grown our company to a crew of 16 highly-skilled craftspeople who industriously turn out thousands of the best-quality beeswax candles available anywhere. We&#x27;ve become one of Ridgway&#x27;s largest employers and are proud to have become a leader in the national beeswax candle market. <\/p>"}}},"block_order":["item-0","item-1","item-2","1581116037716"],"settings":{"text_color":"#ffffff"}},"blog-posts":{"type":"blog-posts","blocks":{"blog-0":{"type":"blog","settings":{"blog":"bluecornblog"}}},"block_order":["blog-0"],"settings":{"subheading":"Bluecorn's","title":"Butcher Creek Blog","show_category":false,"button_link":"shopify:\/\/blogs\/bluecornblog","button_text":"Read On"}},"shop-the-look":{"type":"shop-the-look","disabled":true,"blocks":{"look-0":{"type":"look","settings":{"image":"shopify:\/\/shop_images\/3-Wick_style_2.jpg","dot_style":"light","product_1":"100-recycled-spanish-glass-aromatherapy-beeswax-candle","product_1_horizontal_position":37,"product_1_vertical_position":73,"product_2":"","product_2_horizontal_position":45,"product_2_vertical_position":65,"product_3":"","product_3_horizontal_position":70,"product_3_vertical_position":50}},"look-1":{"type":"look","settings":{"dot_style":"light","product_1":"","product_1_horizontal_position":25,"product_1_vertical_position":45,"product_2":"","product_2_horizontal_position":55,"product_2_vertical_position":30,"product_3":"","product_3_horizontal_position":65,"product_3_vertical_position":60}}},"block_order":["look-0","look-1"],"settings":{"subheading":"Check out the","title":"Product of the month","show_mobile_product_info":false}},"collection-template":{"type":"collection-template","settings":{"show_collection_info":false,"show_collection_image":false,"apply_overlay":false,"show_color_swatch":false,"show_vendor":false,"collection_image_size":"normal","show_sort_by":true,"show_layout_switch":false,"toolbar_position":"top","filter_position":"drawer","filter_mode":"hidden","show_filter_color_swatch":true,"filter_menu":"","grid_items_per_page":16,"grid_mobile_items_per_row":"2","grid_desktop_items_per_row":4}},"recently-viewed-products":{"type":"recently-viewed-products","settings":{"show_section":true,"title":"Recently viewed","show_product_info":true,"show_vendor":false,"show_color_swatch":false}},"collection-footer":{"type":"collection-footer","settings":{"show_section":false,"text_color":"#ffffff","apply_overlay":true,"title":"Our story","content":"<p>Add your own custom content to explain your processes...<\/p>"}},"product-template":{"type":"product-template","settings":{"information_text":"All sizes of pillars available in Raw and Ivory. Colors only available in 3″ diameters.","show_share_buttons":true,"show_vendor":false,"show_sku":false,"description_below_add_to_cart":true,"selector_mode":"dropdown","show_color_swatch":true,"show_color_carousel":false,"show_quantity_selector":true,"show_inventory_quantity":false,"inventory_quantity_threshold":3,"show_price_in_button":true,"show_payment_button":true,"image_size":"large","stack_images":false,"show_thumbnails":true,"enable_image_zoom":true,"tab_page_1_handle":"","tab_page_2_handle":"","reviews_enabled":true,"featured_image_size":"large"}},"product-recommendations":{"type":"product-recommendations","settings":{"show_product_recommendations":true,"heading":"You may also like","show_product_info":true,"show_vendor":false,"show_color_swatch":false}},"popup":{"type":"popup","settings":{"show_popup":false,"show_only_on_index":true,"show_only_for_visitors":true,"show_only_once":true,"title":"Join the Hive","content":"<p>Subsribe for exclusive sales delivered to your inbox every other week.<\/p>","show_newsletter":true,"apparition_delay":1}},"blog-template":{"type":"blog-template","settings":{"show_rss":false,"show_tags":false,"show_featured_article":true,"show_category":false}},"shop-now":{"type":"shop-now","settings":{"show_section":false,"title":"Shop now","collection":"","grid_items_count":6,"show_product_info":true,"show_vendor":false,"show_color_swatch":false}},"article-template":{"type":"article-template","settings":{"show_article_image":true,"show_date":true,"show_category":false,"show_author":true,"show_share_buttons":true}},"cart-template":{"type":"cart-template","settings":{"show_shipping_estimator":true,"shipping_estimator_default_country":"United States"}},"page-contact-template":{"type":"page-contact-template","blocks":{"page-contact-template-0":{"type":"text","settings":{"title":"Your phone (optional)","use_long_text":false,"is_required":false}}},"block_order":["page-contact-template-0"],"settings":{}},"password-template":{"type":"password-template","settings":{"logo":"shopify:\/\/shop_images\/Bluecorn_Logo.RGB.png","logo_max_width":195,"mobile_logo_max_width":125,"background_image":"shopify:\/\/shop_images\/Bee_Honeycomb_Image.jpg","text_color":"#ffffff","heading":"Coming soon","show_newsletter_signup":true,"newsletter_text":"<p>We're re-building Bluecorn Beeswax's retail site! Subscribe now for sweet deals on our handmade, beeswax candles.<\/p>","show_social_sharing":false,"social_message":"Spread the word"}},"list-collections-template":{"type":"list-collections-template","settings":{"collections_to_show":"all","image_size":"normal","add_spacing":true,"expand_collection":false,"apply_overlay":true,"text_color":"#ffffff","button_color":"#363636"}},"1581116685662":{"type":"testimonials","blocks":{"1581116685662-0":{"type":"testimonial","settings":{"logo":"shopify:\/\/shop_images\/nymag.png","quote":"<p><a href=\"https:\/\/nymag.com\/strategist\/article\/best-candles-on-amazon.html\" title=\"https:\/\/nymag.com\/strategist\/article\/best-candles-on-amazon.html\"><strong>Best Beeswax Tea Lights<\/strong><\/a><\/p><p>“I can hereby say I’m a 100 percent beeswax candle gal from here on out,” writes one reviewer, who gives this set of beeswax tea lights five stars...\"<\/p>"}},"1581116685662-1":{"type":"testimonial","settings":{"logo":"shopify:\/\/shop_images\/apartment-therapy-logo-e1543974563520.jpg","quote":"<p><a href=\"https:\/\/video.apartmenttherapy.com\/m\/gvYjLyJu\/one-good-thing-hand-dipped-beeswax-tapers\" title=\"https:\/\/video.apartmenttherapy.com\/m\/gvYjLyJu\/one-good-thing-hand-dipped-beeswax-tapers\"><strong>One Good Thing: Hand Dipped Beeswax Tapers<\/strong><\/a><\/p><p><\/p><p>&quot;Stock up on the one candle that you can use all the time, anytime: handmade beeswax tapers. They are all natural ... smell great, burn slowly and are the perfect color to burn anytime...Buy a dozen and keep them stocked!&quot;<\/p>"}},"1581116685662-2":{"type":"testimonial","settings":{"logo":"shopify:\/\/shop_images\/well-good-logo.jpg","quote":"<p><a href=\"https:\/\/www.wellandgood.com\/good-home\/healthy-home-goods-apartment-therapy-maxwell-ryan\/slide\/6\/\" title=\"https:\/\/www.wellandgood.com\/good-home\/healthy-home-goods-apartment-therapy-maxwell-ryan\/slide\/6\/\"><strong>Editor&#x27;s Choice<\/strong><\/a><\/p><p><\/p><p>“I only use one brand of candles at the dinner table and they’re beeswax candles from a company called Bluecorn.&quot;<\/p>"}},"1581117742243":{"type":"testimonial","settings":{"logo":"shopify:\/\/shop_images\/NY-Mag-Cut-logo.png","quote":"<p><a href=\"https:\/\/www.thecut.com\/2019\/09\/tastemakers-mother-of-pearl-designer-amy-powney.html\" title=\"https:\/\/www.thecut.com\/2019\/09\/tastemakers-mother-of-pearl-designer-amy-powney.html\"><strong>Designer&#x27;s Choice<\/strong><\/a><\/p><p><\/p><p><strong>Favorite Candle? <\/strong>Very simple beeswax ones<\/p>"}}},"block_order":["1581116685662-0","1581116685662-1","1581116685662-2","1581117742243"],"settings":{"autoplay":true,"cycle_speed":7,"background":"#d6d2c4","text_color":"#252a36"}},"1582840554657":{"type":"shop-the-look","disabled":true,"blocks":{"1582840554657-0":{"type":"look","settings":{"image":"shopify:\/\/shop_images\/BluecornBeeswax-ShopLook.jpg","dot_style":"light","product_1":"100-pure-beeswax-pillars","product_1_horizontal_position":54,"product_1_vertical_position":69,"product_2":"pure-beeswax-tea-lights","product_2_horizontal_position":60,"product_2_vertical_position":93,"product_3":"2-oz-heavy-recycled-glass-votive-tea-light-holders","product_3_horizontal_position":32,"product_3_vertical_position":77}}},"block_order":["1582840554657-0"],"settings":{"subheading":"Shop","title":"The Assemblage","show_mobile_product_info":false}},"1586452787652":{"type":"text-with-image","settings":{"subheading":"Bluecorn Beeswax","title":"Our Story","image":"shopify:\/\/shop_images\/cabin.jpg","image_position":"left","content":"<p>In the winter of 1991, my home was a tiny, one-room cabin in Telluride, Colorado. It was there that my friend Baker Steve taught me how to dip a beeswax candle. With no electricity, we worked by candle light, often dipping well into morning. When finished, we could barely move through the cabin while hundreds of still warm tapers hung from rope strung wall to wall...<\/p>","link_text":"Read More","link_url":"shopify:\/\/pages\/the-bluecorn-story"}}},"content_for_index":["slideshow","featured-collections","collection-list","1582840554657","featured-product","1586452787652","timeline","blog-posts","shop-the-look","1581116685662"]},"presets":{"Allure":{"heading_color":"#1c1b1b","text_color":"#1c1b1b","text_light_color":"#6a6a6a","link_color":"#6a6a6a","background":"#efefef","light_background":"#ffffff","product_on_sale_color":"#f94c43","button_background":"#1c1b1b","button_text_color":"#ffffff","header_background":"#ffffff","header_heading_color":"#1c1b1b","header_light_color":"#6a6a6a","footer_background":"#ffffff","footer_heading_color":"#1c1b1b","footer_text_color":"#6a6a6a","newsletter_popup_background":"#1c1b1b","newsletter_popup_text_color":"#ffffff","secondary_elements_background":"#1c1b1b","secondary_elements_text_color":"#ffffff","navigation_background":"#1c1b1b","navigation_text_color":"#ffffff","heading_font":"montserrat_n5","heading_size":"small","uppercase_heading":true,"text_font":"nunito_sans_n4","base_text_font_size":14,"currency_conversion_enabled":false,"currency_conversion_round_amounts":true,"currency_conversion_supported_currencies":"USD CAD EUR GBP","currency_conversion_money_format":"money_format","show_page_transition":true,"search_mode":"product,article","product_show_price_on_hover":false,"product_show_secondary_image":false,"product_info_alignment":"center","product_image_size":"natural","product_list_horizontal_spacing":"medium","product_list_vertical_spacing":"small","cart_type":"drawer","cart_enable_notes":true,"cart_show_free_shipping_threshold":false,"cart_free_shipping_threshold":"50","checkout_logo_position":"center","checkout_logo_size":"small","checkout_body_background_color":"#ffffff","checkout_input_background_color_mode":"white","checkout_sidebar_background_color":"#efefef","checkout_accent_color":"#1c1b1b","checkout_button_color":"#1c1b1b","sections":{"sidebar-menu":{"type":"sidebar-menu","settings":{"primary_menu":"main-menu","show_social_media":true}},"announcement":{"type":"announcement","settings":{"background":"#000000","text_color":"#ffffff","content":"Announce something here"}},"header":{"type":"header","settings":{"use_sticky_header":true,"logo_max_width":140,"navigation_menu":"main-menu","navigation_style":"inline","enable_transparent_header":true,"transparent_text_color":"#ffffff"}},"footer":{"type":"footer","blocks":{"footer-0":{"type":"text","settings":{"title":"About the shop","content":"<p>Use this text area to tell your customers about your brand and vision. You can change it in the theme settings.<\/p>","show_social_media":true}},"footer-1":{"type":"links","settings":{"menu":"footer"}},"footer-2":{"type":"newsletter","settings":{"title":"Newsletter","content":"<p>Subscribe to receive updates, access to exclusive deals, and more.<\/p>"}}},"block_order":["footer-0","footer-1","footer-2"],"settings":{"show_payment_methods":true}},"slideshow":{"type":"slideshow","blocks":{"slide-0":{"type":"image","settings":{"apply_overlay":true,"content_position":"bottomLeft","subheading":"Slide title","title":"Tell your story"}},"slide-1":{"type":"image","settings":{"apply_overlay":true,"content_position":"bottomLeft","subheading":"Slide title","title":"Tell your story"}}},"block_order":["slide-0","slide-1"],"settings":{"show_fullscreen":true,"show_arrow":false,"autoplay":true,"cycle_speed":5,"text_color":"#ffffff","button_color":"#363636"}},"featured-collections":{"type":"featured-collections","blocks":{"featured-collection-0":{"type":"collection","settings":{"grid_items_count":8,"button_text":"View all products"}}},"block_order":["featured-collection-0"],"settings":{"title":"Featured collection","layout_mode":"grid","show_product_info":true,"grid_mobile_items_per_row":"2","grid_desktop_items_per_row":4}},"collection-list":{"type":"collection-list","blocks":{"collection-0":{"type":"collection","settings":{"image_alignment":"center center","subheading":"Sub-heading","button_text":"View products","apply_overlay":true}},"collection-1":{"type":"collection","settings":{"image_alignment":"center center","subheading":"Sub-heading","button_text":"View products","apply_overlay":true}},"collection-2":{"type":"collection","settings":{"image_alignment":"center center","subheading":"Sub-heading","button_text":"View products","apply_overlay":true}}},"block_order":["collection-0","collection-1","collection-2"],"settings":{"add_spacing":true,"expand_collection":false,"text_color":"#ffffff","button_color":"#363636"}},"featured-product":{"type":"featured-product","settings":{"title":"Featured product","show_vendor":true,"show_description":true,"show_color_swatch":false,"show_color_carousel":false,"show_quantity_selector":true,"show_inventory_quantity":false,"inventory_quantity_threshold":3}},"timeline":{"type":"timeline","blocks":{"item-0":{"type":"item","settings":{"apply_overlay":true,"title":"2000","subheading":"Sub-heading","heading":"Heading","content":"<p>Add your own custom content to give more information about your store, availability details...<\/p>"}},"item-1":{"type":"item","settings":{"apply_overlay":true,"title":"2001","subheading":"Sub-heading","heading":"Heading","content":"<p>Add your own custom content to give more information about your store, availability details...<\/p>"}},"item-2":{"type":"item","settings":{"apply_overlay":true,"title":"2002","subheading":"Sub-heading","heading":"Heading","content":"<p>Add your own custom content to give more information about your store, availability details...<\/p>"}}},"block_order":["item-0","item-1","item-2"],"settings":{"text_color":"#ffffff"}},"blog-posts":{"type":"blog-posts","blocks":{"blog-0":{"type":"blog","settings":{"blog":"news"}}},"block_order":["blog-0"],"settings":{"title":"Featured article","show_category":false,"button_text":"View all articles"}},"shop-the-look":{"type":"shop-the-look","blocks":{"look-0":{"type":"look","settings":{"dot_style":"light","product_1_horizontal_position":30,"product_1_vertical_position":40,"product_2_horizontal_position":45,"product_2_vertical_position":65,"product_3_horizontal_position":70,"product_3_vertical_position":50}},"look-1":{"type":"look","settings":{"dot_style":"light","product_1_horizontal_position":25,"product_1_vertical_position":45,"product_2_horizontal_position":55,"product_2_vertical_position":30,"product_3_horizontal_position":65,"product_3_vertical_position":60}}},"block_order":["look-0","look-1"],"settings":{"subheading":"Shop","title":"Our looks"}},"collection-template":{"type":"collection-template","settings":{"show_collection_info":true,"show_collection_image":false,"show_sort_by":true,"show_layout_switch":false,"toolbar_position":"bottom","filter_position":"sidebar","filter_mode":"tag","show_filter_color_swatch":true,"grid_items_per_page":16,"grid_mobile_items_per_row":"2","grid_desktop_items_per_row":4}},"recently-viewed-products":{"type":"recently-viewed-products","settings":{"show_section":true,"title":"Recently viewed","show_product_info":true}},"collection-footer":{"type":"collection-footer","settings":{"show_section":false,"text_color":"#ffffff","apply_overlay":true,"title":"Our story","content":"<p>Add your own custom content to explain your processes...<\/p>"}},"product-template":{"type":"product-template","settings":{"show_share_buttons":true,"show_vendor":true,"show_color_swatch":false,"show_color_carousel":false,"show_quantity_selector":true,"show_inventory_quantity":false,"inventory_quantity_threshold":3,"image_size":"large","stack_images":true,"show_thumbnails":false,"enable_image_zoom":true,"reviews_enabled":false}},"product-recommendations":{"type":"product-recommendations","settings":{"show_product_recommendations":true,"show_product_info":true}}},"content_for_index":["slideshow","featured-collections","collection-list","featured-product","timeline","blog-posts","shop-the-look"]},"Couture":{"heading_color":"#5c5c5c","text_color":"#5c5c5c","text_light_color":"#939393","link_color":"#323232","background":"#ffffff","light_background":"#ffffff","product_on_sale_color":"#f94c43","button_background":"#5c5c5c","button_text_color":"#ffffff","header_background":"#ffffff","header_heading_color":"#5c5c5c","header_light_color":"#939393","footer_background":"#ffffff","footer_heading_color":"#5c5c5c","footer_text_color":"#939393","newsletter_popup_background":"#ffffff","newsletter_popup_text_color":"#1c1b1b","secondary_elements_background":"#5c5c5c","secondary_elements_text_color":"#ffffff","navigation_background":"#ffffff","navigation_text_color":"#5c5c5c","heading_font":"futura_n4","heading_size":"large","uppercase_heading":false,"text_font":"century_gothic_n4","base_text_font_size":15,"currency_conversion_enabled":false,"currency_conversion_round_amounts":true,"currency_conversion_supported_currencies":"USD CAD EUR GBP","currency_conversion_money_format":"money_format","show_page_transition":true,"search_mode":"product,article","product_show_price_on_hover":true,"product_show_secondary_image":false,"product_info_alignment":"left","product_image_size":"natural","product_list_horizontal_spacing":"small","product_list_vertical_spacing":"small","cart_type":"drawer","cart_enable_notes":true,"cart_show_free_shipping_threshold":false,"cart_free_shipping_threshold":"50","checkout_logo_position":"center","checkout_logo_size":"small","checkout_body_background_color":"#fff","checkout_input_background_color_mode":"white","checkout_sidebar_background_color":"#fafafa","checkout_accent_color":"#323232","checkout_button_color":"#5c5c5c","sections":{"sidebar-menu":{"type":"sidebar-menu","settings":{"primary_menu":"main-menu","show_social_media":true}},"announcement":{"type":"announcement","settings":{"background":"#f3f3f3","text_color":"#5c5c5c","content":"Announce something here"}},"header":{"type":"header","settings":{"use_sticky_header":true,"logo_max_width":140,"navigation_menu":"main-menu","navigation_style":"center","enable_transparent_header":true,"transparent_text_color":"#ffffff"}},"footer":{"type":"footer","blocks":{"footer-0":{"type":"text","settings":{"title":"About the shop","content":"<p>Use this text area to tell your customers about your brand and vision. You can change it in the theme settings.<\/p>","show_social_media":true}},"footer-1":{"type":"links","settings":{"menu":"footer"}},"footer-2":{"type":"newsletter","settings":{"title":"Newsletter","content":"<p>Subscribe to receive updates, access to exclusive deals, and more.<\/p>"}}},"block_order":["footer-0","footer-1","footer-2"],"settings":{"show_payment_methods":true}},"slideshow":{"type":"slideshow","blocks":{"slide-0":{"type":"image","settings":{"apply_overlay":true,"content_position":"bottomLeft","subheading":"Slide title","title":"Tell your story"}},"slide-1":{"type":"image","settings":{"apply_overlay":true,"content_position":"bottomLeft","subheading":"Slide title","title":"Tell your story"}}},"block_order":["slide-0","slide-1"],"settings":{"show_fullscreen":true,"show_arrow":false,"autoplay":true,"cycle_speed":5,"text_color":"#ffffff","button_color":"#363636"}},"featured-collections":{"type":"featured-collections","blocks":{"featured-collection-0":{"type":"collection","settings":{"grid_items_count":8,"button_text":"View all products"}}},"block_order":["featured-collection-0"],"settings":{"title":"Featured collection","layout_mode":"grid","show_product_info":true,"grid_mobile_items_per_row":"2","grid_desktop_items_per_row":4}},"collection-list":{"type":"collection-list","blocks":{"collection-0":{"type":"collection","settings":{"image_alignment":"center center","subheading":"Sub-heading","button_text":"View products","apply_overlay":true}},"collection-1":{"type":"collection","settings":{"image_alignment":"center center","subheading":"Sub-heading","button_text":"View products","apply_overlay":true}},"collection-2":{"type":"collection","settings":{"image_alignment":"center center","subheading":"Sub-heading","button_text":"View products","apply_overlay":true}}},"block_order":["collection-0","collection-1","collection-2"],"settings":{"add_spacing":true,"expand_collection":false,"text_color":"#ffffff","button_color":"#363636"}},"featured-product":{"type":"featured-product","settings":{"title":"Featured product","show_vendor":true,"show_description":true,"show_color_swatch":false,"show_color_carousel":false,"show_quantity_selector":true,"show_inventory_quantity":false,"inventory_quantity_threshold":3}},"timeline":{"type":"timeline","blocks":{"item-0":{"type":"item","settings":{"apply_overlay":true,"title":"2000","subheading":"Sub-heading","heading":"Heading","content":"<p>Add your own custom content to give more information about your store, availability details...<\/p>"}},"item-1":{"type":"item","settings":{"apply_overlay":true,"title":"2001","subheading":"Sub-heading","heading":"Heading","content":"<p>Add your own custom content to give more information about your store, availability details...<\/p>"}},"item-2":{"type":"item","settings":{"apply_overlay":true,"title":"2002","subheading":"Sub-heading","heading":"Heading","content":"<p>Add your own custom content to give more information about your store, availability details...<\/p>"}}},"block_order":["item-0","item-1","item-2"],"settings":{"text_color":"#ffffff"}},"blog-posts":{"type":"blog-posts","blocks":{"blog-0":{"type":"blog","settings":{"blog":"news"}}},"block_order":["blog-0"],"settings":{"title":"Featured article","show_category":false,"button_text":"View all articles"}},"shop-the-look":{"type":"shop-the-look","blocks":{"look-0":{"type":"look","settings":{"dot_style":"light","product_1_horizontal_position":30,"product_1_vertical_position":40,"product_2_horizontal_position":45,"product_2_vertical_position":65,"product_3_horizontal_position":70,"product_3_vertical_position":50}},"look-1":{"type":"look","settings":{"dot_style":"light","product_1_horizontal_position":25,"product_1_vertical_position":45,"product_2_horizontal_position":55,"product_2_vertical_position":30,"product_3_horizontal_position":65,"product_3_vertical_position":60}}},"block_order":["look-0","look-1"],"settings":{"subheading":"Shop","title":"Our looks"}},"collection-template":{"type":"collection-template","settings":{"show_collection_info":true,"show_collection_image":false,"show_sort_by":true,"show_layout_switch":false,"toolbar_position":"bottom","filter_position":"sidebar","filter_mode":"tag","show_filter_color_swatch":true,"grid_items_per_page":16,"grid_mobile_items_per_row":"2","grid_desktop_items_per_row":4}},"recently-viewed-products":{"type":"recently-viewed-products","settings":{"show_section":true,"title":"Recently viewed","show_product_info":true}},"collection-footer":{"type":"collection-footer","settings":{"show_section":false,"text_color":"#ffffff","apply_overlay":true,"title":"Our story","content":"<p>Add your own custom content to explain your processes...<\/p>"}},"product-template":{"type":"product-template","settings":{"show_share_buttons":true,"show_vendor":true,"show_color_swatch":false,"show_color_carousel":false,"show_quantity_selector":true,"show_inventory_quantity":false,"inventory_quantity_threshold":3,"image_size":"large","stack_images":true,"show_thumbnails":false,"enable_image_zoom":true,"reviews_enabled":false}},"product-recommendations":{"type":"product-recommendations","settings":{"show_product_recommendations":true,"show_product_info":true}}},"content_for_index":["slideshow","featured-collections","collection-list","featured-product","timeline","blog-posts","shop-the-look"]},"Vogue":{"heading_color":"#454545","text_color":"#454545","text_light_color":"#9d9d9d","link_color":"#a17c5e","background":"#ffffff","light_background":"#ffffff","product_on_sale_color":"#f94c43","button_background":"#c2a284","button_text_color":"#ffffff","header_background":"#ffffff","header_heading_color":"#454545","header_light_color":"#9d9d9d","footer_background":"#ffffff","footer_heading_color":"#454545","footer_text_color":"#9d9d9d","newsletter_popup_background":"#454545","newsletter_popup_text_color":"#ffffff","secondary_elements_background":"#f1e4d8","secondary_elements_text_color":"#373737","navigation_background":"#454545","navigation_text_color":"#ffffff","heading_font":"din_neuzeit_grotesk_n3","heading_size":"small","uppercase_heading":true,"text_font":"futura_n4","base_text_font_size":14,"currency_conversion_enabled":false,"currency_conversion_round_amounts":true,"currency_conversion_supported_currencies":"USD CAD EUR GBP","currency_conversion_money_format":"money_format","show_page_transition":true,"show_element_staggering":false,"search_mode":"product,article","product_show_price_on_hover":true,"product_show_secondary_image":false,"product_info_alignment":"center","product_image_size":"natural","product_list_horizontal_spacing":"medium","product_list_vertical_spacing":"small","cart_type":"drawer","cart_enable_notes":true,"cart_show_free_shipping_threshold":false,"cart_free_shipping_threshold":"50","checkout_logo_position":"left","checkout_logo_size":"medium","checkout_body_background_color":"#fff","checkout_input_background_color_mode":"white","checkout_sidebar_background_color":"#fafafa","checkout_accent_color":"#a17c5e","checkout_button_color":"#454545","sections":{"sidebar-menu":{"type":"sidebar-menu","settings":{"primary_menu":"main-menu","show_social_media":true}},"announcement":{"type":"announcement","settings":{"background":"#f1e4d8","text_color":"#343434","content":"Announce something here"}},"header":{"type":"header","settings":{"use_sticky_header":true,"logo_max_width":140,"navigation_menu":"main-menu","navigation_style":"inline","enable_transparent_header":true,"transparent_text_color":"#ffffff"}},"footer":{"type":"footer","blocks":{"footer-0":{"type":"text","settings":{"title":"About the shop","content":"<p>Use this text area to tell your customers about your brand and vision. You can change it in the theme settings.<\/p>","show_social_media":true}},"footer-1":{"type":"links","settings":{"menu":"footer"}},"footer-2":{"type":"newsletter","settings":{"title":"Newsletter","content":"<p>Subscribe to receive updates, access to exclusive deals, and more.<\/p>"}}},"block_order":["footer-0","footer-1","footer-2"],"settings":{"show_payment_methods":true}},"slideshow":{"type":"slideshow","blocks":{"slide-0":{"type":"image","settings":{"apply_overlay":true,"content_position":"bottomLeft","subheading":"Slide title","title":"Tell your story"}},"slide-1":{"type":"image","settings":{"apply_overlay":true,"content_position":"bottomLeft","subheading":"Slide title","title":"Tell your story"}}},"block_order":["slide-0","slide-1"],"settings":{"show_fullscreen":true,"show_arrow":false,"autoplay":true,"cycle_speed":5,"text_color":"#ffffff","button_color":"#363636"}},"featured-collections":{"type":"featured-collections","blocks":{"featured-collection-0":{"type":"collection","settings":{"grid_items_count":8,"button_text":"View all products"}}},"block_order":["featured-collection-0"],"settings":{"title":"Featured collection","layout_mode":"grid","show_product_info":true,"grid_mobile_items_per_row":"2","grid_desktop_items_per_row":4}},"collection-list":{"type":"collection-list","blocks":{"collection-0":{"type":"collection","settings":{"image_alignment":"center center","subheading":"Sub-heading","button_text":"View products","apply_overlay":true}},"collection-1":{"type":"collection","settings":{"image_alignment":"center center","subheading":"Sub-heading","button_text":"View products","apply_overlay":true}},"collection-2":{"type":"collection","settings":{"image_alignment":"center center","subheading":"Sub-heading","button_text":"View products","apply_overlay":true}}},"block_order":["collection-0","collection-1","collection-2"],"settings":{"add_spacing":true,"expand_collection":false,"text_color":"#ffffff","button_color":"#363636"}},"featured-product":{"type":"featured-product","settings":{"title":"Featured product","show_vendor":true,"show_description":true,"show_color_swatch":false,"show_color_carousel":false,"show_quantity_selector":true,"show_inventory_quantity":false,"inventory_quantity_threshold":3}},"timeline":{"type":"timeline","blocks":{"item-0":{"type":"item","settings":{"apply_overlay":true,"title":"2000","subheading":"Sub-heading","heading":"Heading","content":"<p>Add your own custom content to give more information about your store, availability details...<\/p>"}},"item-1":{"type":"item","settings":{"apply_overlay":true,"title":"2001","subheading":"Sub-heading","heading":"Heading","content":"<p>Add your own custom content to give more information about your store, availability details...<\/p>"}},"item-2":{"type":"item","settings":{"apply_overlay":true,"title":"2002","subheading":"Sub-heading","heading":"Heading","content":"<p>Add your own custom content to give more information about your store, availability details...<\/p>"}}},"block_order":["item-0","item-1","item-2"],"settings":{"text_color":"#ffffff"}},"blog-posts":{"type":"blog-posts","blocks":{"blog-0":{"type":"blog","settings":{"blog":"news"}}},"block_order":["blog-0"],"settings":{"title":"Featured article","show_category":false,"button_text":"View all articles"}},"shop-the-look":{"type":"shop-the-look","blocks":{"look-0":{"type":"look","settings":{"dot_style":"light","product_1_horizontal_position":30,"product_1_vertical_position":40,"product_2_horizontal_position":45,"product_2_vertical_position":65,"product_3_horizontal_position":70,"product_3_vertical_position":50}},"look-1":{"type":"look","settings":{"dot_style":"light","product_1_horizontal_position":25,"product_1_vertical_position":45,"product_2_horizontal_position":55,"product_2_vertical_position":30,"product_3_horizontal_position":65,"product_3_vertical_position":60}}},"block_order":["look-0","look-1"],"settings":{"subheading":"Shop","title":"Our looks"}},"collection-template":{"type":"collection-template","settings":{"show_collection_info":true,"show_collection_image":false,"show_sort_by":true,"show_layout_switch":false,"toolbar_position":"bottom","filter_position":"sidebar","filter_mode":"tag","show_filter_color_swatch":true,"grid_items_per_page":16,"grid_mobile_items_per_row":"2","grid_desktop_items_per_row":4}},"recently-viewed-products":{"type":"recently-viewed-products","settings":{"show_section":true,"title":"Recently viewed","show_product_info":true}},"collection-footer":{"type":"collection-footer","settings":{"show_section":false,"text_color":"#ffffff","apply_overlay":true,"title":"Our story","content":"<p>Add your own custom content to explain your processes...<\/p>"}},"product-template":{"type":"product-template","settings":{"show_share_buttons":true,"show_vendor":true,"show_color_swatch":false,"show_color_carousel":false,"show_quantity_selector":true,"show_inventory_quantity":false,"inventory_quantity_threshold":3,"image_size":"large","stack_images":true,"show_thumbnails":false,"enable_image_zoom":true,"reviews_enabled":false}},"product-recommendations":{"type":"product-recommendations","settings":{"show_product_recommendations":true,"show_product_info":true}}},"content_for_index":["slideshow","featured-collections","collection-list","featured-product","timeline","blog-posts","shop-the-look"]}}}