[{"name":"theme_info","theme_name":"Prestige","theme_author":"Maestrooo","theme_version":"4.5.5","theme_documentation_url":"http:\/\/support.maestrooo.com\/","theme_support_url":"https:\/\/support.maestrooo.com\/article\/203-contact-us"},{"name":"Colors","settings":[{"type":"header","content":"General"},{"type":"color","id":"heading_color","label":"Heading","default":"#1c1b1b"},{"type":"color","id":"text_color","label":"Body text","default":"#1c1b1b"},{"type":"color","id":"text_light_color","label":"Body light text","default":"#6a6a6a"},{"type":"color","id":"link_color","label":"Link color","default":"#6a6a6a"},{"type":"color","id":"background","label":"Background","default":"#eaeaea"},{"type":"color","id":"light_background","label":"Light background","default":"#ffffff"},{"type":"color","id":"product_on_sale_color","label":"On sale accent","default":"#f94c43"},{"type":"header","content":"Buttons"},{"type":"color","id":"button_background","label":"Background","default":"#1c1b1b"},{"type":"color","id":"button_text_color","label":"Text","default":"#ffffff"},{"type":"header","content":"Header"},{"type":"color","id":"header_background","label":"Background","default":"#ffffff"},{"type":"color","id":"header_heading_color","label":"Heading and icons","default":"#1c1b1b"},{"type":"color","id":"header_light_color","label":"Light text","default":"#6a6a6a"},{"type":"header","content":"Footer"},{"type":"color","id":"footer_background","label":"Background","default":"#ffffff"},{"type":"color","id":"footer_heading_color","label":"Heading","default":"#1c1b1b"},{"type":"color","id":"footer_text_color","label":"Text","default":"#6a6a6a"},{"type":"header","content":"Sidebar navigation"},{"type":"color","id":"navigation_background","label":"Background","default":"#1c1b1b"},{"type":"color","id":"navigation_text_color","label":"Text","default":"#ffffff"},{"type":"header","content":"Newsletter popup"},{"type":"color","id":"newsletter_popup_background","label":"Background","default":"#1c1b1b"},{"type":"color","id":"newsletter_popup_text_color","label":"Text","default":"#ffffff"},{"type":"header","content":"Secondary elements","info":"This is used in modals and other secondary elements."},{"type":"color","id":"secondary_elements_background","label":"Background","default":"#1c1b1b"},{"type":"color","id":"secondary_elements_text_color","label":"Text","default":"#ffffff"}]},{"name":"Typography","settings":[{"type":"header","content":"Headings"},{"type":"font_picker","id":"heading_font","label":"Font","default":"helvetica_n4"},{"type":"select","id":"heading_size","label":"Size","info":"All headings (small and large) will be adjusted.","options":[{"value":"small","label":"Small"},{"value":"normal","label":"Normal"},{"value":"large","label":"Large"}],"default":"small"},{"type":"checkbox","id":"uppercase_heading","label":"Display headings in uppercase","default":true},{"type":"header","content":"Body text"},{"type":"font_picker","id":"text_font","label":"Font","default":"helvetica_n4"},{"type":"range","id":"base_text_font_size","label":"Base size","min":13,"max":17,"unit":"px","default":14}]},{"name":"Currency conversion","settings":[{"type":"paragraph","content":"If native multi-currencies is configured on your store, the theme currency converter will be disabled."},{"type":"checkbox","id":"currency_conversion_enabled","label":"Enable currency conversion","default":false},{"type":"checkbox","id":"currency_conversion_round_amounts","label":"Round converted amounts","default":true},{"type":"text","id":"currency_conversion_supported_currencies","label":"Supported currencies","info":"List of currencies to display. You must separate each currencies by an empty space, and use the ISO 4217 3-letter code. Example: USD CAD EUR. All the possible values are [listed here](http:\/\/bit.ly\/1C4cZ3w).","default":"USD CAD EUR GBP"},{"type":"select","id":"currency_conversion_money_format","label":"Money format","options":[{"value":"money_format","label":"Money ($10)"},{"value":"money_with_currency_format","label":"Money with currency ($10 USD)"}],"default":"money_format"}]},{"name":"Animation","settings":[{"type":"checkbox","id":"show_page_transition","label":"Show page transition","default":true},{"type":"checkbox","id":"show_button_transition","label":"Show button transition","default":true},{"type":"checkbox","id":"show_image_zooming","label":"Show image zoom effect","default":true},{"type":"checkbox","id":"show_element_staggering","label":"Reveal elements one by one","info":"This setting displays blog post and product grid element one after the other.","default":true}]},{"name":"Search","settings":[{"type":"select","id":"search_mode","label":"Search only...","options":[{"value":"product","label":"Products only"},{"value":"product,page","label":"Products and pages"},{"value":"product,article","label":"Products and articles"},{"value":"product,article,page","label":"Products, articles and pages"}],"default":"product,article"}]},{"name":"Products grid","settings":[{"type":"header","content":"Grid"},{"type":"checkbox","id":"product_show_price_on_hover","label":"Show price on hover","info":"Prices will always be visible on touch devices.","default":false},{"type":"checkbox","id":"product_show_secondary_image","label":"Show secondary image on hover","default":false},{"type":"select","id":"product_info_alignment","label":"Product info alignment","options":[{"value":"left","label":"Left"},{"value":"center","label":"Center"},{"value":"right","label":"Right"}],"default":"center"},{"type":"select","id":"product_image_size","label":"Product image size","options":[{"value":"natural","label":"Natural"},{"value":"short","label":"Short (4:3)"},{"value":"square","label":"Square (1:1)"},{"value":"tall","label":"Tall (2:3)"}],"default":"natural"},{"type":"select","id":"product_list_horizontal_spacing","label":"Horizontal spacing","options":[{"value":"extra_small","label":"Extra small"},{"value":"small","label":"Small"},{"value":"medium","label":"Medium"},{"value":"large","label":"Large"},{"value":"extra_large","label":"Extra large"}],"default":"medium"},{"type":"select","id":"product_list_vertical_spacing","label":"Vertical spacing","options":[{"value":"extra_small","label":"Extra small"},{"value":"small","label":"Small"},{"value":"medium","label":"Medium"},{"value":"large","label":"Large"},{"value":"extra_large","label":"Extra large"}],"default":"medium"}]},{"name":"Color swatch","settings":[{"type":"text","id":"color-name-red","label":"Color Title","default":"Red"},{"type":"color","id":"color-red","label":"Color code","default":"#6a0016"},{"type":"text","id":"color-name-black","label":"Color Title","default":"Black"},{"type":"color","id":"color-black","label":"Color code","default":"#000000"},{"type":"text","id":"color-name-moss","label":"Color Title","default":"Moss"},{"type":"color","id":"color-moss","label":"Color Code","default":"#39530c"},{"type":"text","id":"color-name-forest","label":"Color Title","default":"Forest"},{"type":"color","id":"color-forest","label":"Color Code","default":"#052f01"},{"type":"text","id":"color-name-pistachio","label":"Color Title","default":"Pistachio"},{"type":"color","id":"color-pistachio","label":"Color Code","default":"#87a62f"},{"type":"text","id":"color-name-ivory","label":"Color Title","default":"Ivory"},{"type":"color","id":"color-ivory","label":"Color Code","default":"#f1efe2"},{"type":"text","id":"color-name-apricot","label":"Color Title","default":"Apricot"},{"type":"color","id":"color-apricot","label":"Color Code","default":"#ef6121"},{"type":"text","id":"color-name-raw","label":"Color Title","default":"Raw"},{"type":"color","id":"color-raw","label":"Color Code","default":"#f6af43"},{"type":"text","id":"color-name-eggplant","label":"Color Title","default":"Eggplant"},{"type":"color","id":"color-eggplant","label":"Color Code","default":"#4c294a"},{"type":"text","id":"color-name-blue","label":"Color Title","default":"Blue"},{"type":"color","id":"color-blue","label":"Color Code","default":"#003d8e"},{"type":"text","id":"color-name-text11","label":"Color Title"},{"type":"color","id":"color_11","label":"Color Code"},{"type":"text","id":"color-name-text12","label":"Color Title"},{"type":"color","id":"color_12","label":"Color Code"},{"type":"text","id":"color-name-text13","label":"Color Title"},{"type":"color","id":"color_13","label":"Color Code"},{"type":"text","id":"color-name-text14","label":"Color Title"},{"type":"color","id":"color_14","label":"Color Code"},{"type":"text","id":"color-name-text15","label":"Color Title"},{"type":"color","id":"color_15","label":"Color Code"},{"type":"text","id":"color-name-text16","label":"Color Title"},{"type":"color","id":"color_16","label":"Color Code"},{"type":"text","id":"color-name-text17","label":"Color Title"},{"type":"color","id":"color_17","label":"Color Code"},{"type":"text","id":"color-name-text18","label":"Color Title"},{"type":"color","id":"color_18","label":"Color Code"},{"type":"text","id":"color-name-text19","label":"Color Title"},{"type":"color","id":"color_19","label":"Color Code"},{"type":"text","id":"color-name-text20","label":"Color Title"},{"type":"color","id":"color_20","label":"Color Code"},{"type":"text","id":"color-name-text21","label":"Color Title"},{"type":"color","id":"color_21","label":"Color Code"},{"type":"text","id":"color-name-text22","label":"Color Title"},{"type":"color","id":"color_22","label":"Color Code"},{"type":"text","id":"color-name-text23","label":"Color Title"},{"type":"color","id":"color_23","label":"Color Code"},{"type":"text","id":"color-name-text24","label":"Color Title"},{"type":"color","id":"color_24","label":"Color Code"},{"type":"text","id":"color-name-text25","label":"Color Title"},{"type":"color","id":"color_25","label":"Color Code"},{"type":"text","id":"color-name-text26","label":"Color Title"},{"type":"color","id":"color_26","label":"Color Code"},{"type":"text","id":"color-name-text27","label":"Color Title"},{"type":"color","id":"color_27","label":"Color Code"},{"type":"text","id":"color-name-text28","label":"Color Title"},{"type":"color","id":"color_28","label":"Color Code"},{"type":"text","id":"color-name-text29","label":"Color Title"},{"type":"color","id":"color_29","label":"Color Code"},{"type":"text","id":"color-name-text30","label":"Color Title"},{"type":"color","id":"color_30","label":"Color Code"},{"type":"text","id":"color-name-text31","label":"Color Title"},{"type":"color","id":"color_31","label":"Color Code"},{"type":"text","id":"color-name-text32","label":"Color Title"},{"type":"color","id":"color_32","label":"Color Code"},{"type":"text","id":"color-name-text33","label":"Color Title"},{"type":"color","id":"color_33","label":"Color Code"},{"type":"text","id":"color-name-text34","label":"Color Title"},{"type":"color","id":"color_34","label":"Color Code"},{"type":"text","id":"color-name-text35","label":"Color Title"},{"type":"color","id":"color_35","label":"Color Code"},{"type":"text","id":"color-name-text36","label":"Color Title"},{"type":"color","id":"color_36","label":"Color Code"},{"type":"text","id":"color-name-text37","label":"Color Title"},{"type":"color","id":"color_37","label":"Color Code"},{"type":"text","id":"color-name-text38","label":"Color Title"},{"type":"color","id":"color_38","label":"Color Code"},{"type":"text","id":"color-name-text39","label":"Color Title"},{"type":"color","id":"color_39","label":"Color Code"},{"type":"text","id":"color-name-text40","label":"Color Title"},{"type":"color","id":"color_40","label":"Color Code"},{"type":"text","id":"color-name-text41","label":"Color Title"},{"type":"color","id":"color_41","label":"Color Code"},{"type":"text","id":"color-name-text42","label":"Color Title"},{"type":"color","id":"color_42","label":"Color Code"},{"type":"text","id":"color-name-text43","label":"Color Title"},{"type":"color","id":"color_43","label":"Color Code"},{"type":"text","id":"color-name-text44","label":"Color Title"},{"type":"color","id":"color_44","label":"Color Code"},{"type":"text","id":"color-name-text45","label":"Color Title"},{"type":"color","id":"color_45","label":"Color Code"},{"type":"text","id":"color-name-text46","label":"Color Title"},{"type":"color","id":"color_46","label":"Color Code"},{"type":"text","id":"color-name-text47","label":"Color Title"},{"type":"color","id":"color_47","label":"Color Code"},{"type":"text","id":"color-name-text48","label":"Color Title"},{"type":"color","id":"color_48","label":"Color Code"},{"type":"text","id":"color-name-text49","label":"Color Title"},{"type":"color","id":"color_49","label":"Color Code"},{"type":"text","id":"color-name-text50","label":"Color Title"},{"type":"color","id":"color_50","label":"Color Code"}]},{"name":"Cart","settings":[{"type":"select","id":"cart_type","label":"Cart type","options":[{"value":"drawer","label":"Drawer"},{"value":"page","label":"Page"}],"default":"drawer"},{"type":"checkbox","id":"cart_enable_notes","label":"Enable order notes","default":true},{"type":"checkbox","id":"cart_show_free_shipping_threshold","label":"Show free shipping minimum amount","info":"Make sure that you have properly configured your [shipping rates](\/admin\/settings\/shipping).","default":false},{"type":"text","id":"cart_free_shipping_threshold","label":"Free shipping minimum amount","info":"Only write a number, no letters","default":"50"}]},{"name":"Social media","settings":[{"type":"image_picker","id":"share_image","label":"Share image","info":"This image is used when you share pages such as home page. For product, collection or article pages, the featured image will be used instead."},{"type":"header","content":"Accounts"},{"type":"text","id":"social_facebook","info":"https:\/\/www.facebook.com\/shopify","label":"Facebook"},{"type":"text","id":"social_twitter","info":"https:\/\/twitter.com\/shopify","label":"Twitter"},{"type":"text","id":"social_pinterest","info":"https:\/\/www.pinterest.com\/shopify","label":"Pinterest"},{"type":"text","id":"social_instagram","info":"https:\/\/instagram.com\/shopify","label":"Instagram"},{"type":"text","id":"social_vimeo","info":"https:\/\/vimeo.com\/shopify","label":"Vimeo"},{"type":"text","id":"social_tumblr","info":"https:\/\/shopify.tumblr.com","label":"Tumblr"},{"type":"text","id":"social_youtube","info":"https:\/\/www.youtube.com\/user\/shopify","label":"YouTube"},{"type":"text","id":"social_linkedin","info":"https:\/\/linkedin.com\/in\/shopify","label":"LinkedIn"},{"type":"text","id":"social_snapchat","info":"https:\/\/snapchat.com\/add\/shopify","label":"Snapchat"},{"type":"text","id":"social_fancy","info":"https:\/\/fancy.com\/Shopify","label":"Fancy"}]},{"name":"Favicon","settings":[{"type":"image_picker","id":"favicon","label":"Image","info":"48 x 48px .png recommended"}]},{"name":"Product Form Payment Terms","settings":[{"type":"checkbox","id":"disable_autogenerated_payment_terms","label":"Disable automatic payment terms tags","default":false}]}]